Name,Adventure,Date,Notes
Castle Crashers,Adventures%2073db78ef941a4ddba0b2d61f27688925/Castle%20in%20the%20Clouds%205010669b9241443d9a5f1695fc4832c0.md,"December 23, 2021",
Leaking With Style,Adventures%2073db78ef941a4ddba0b2d61f27688925/Castle%20in%20the%20Clouds%205010669b9241443d9a5f1695fc4832c0.md,"December 16, 2021",DM%20Notes%200b845a55cc65468484c57d60db568b2e/Session%20Notes%202021-12-16%2077393867f24c4841b96c67d0f19cddb8.md
Going Full Asshole,Adventures%2073db78ef941a4ddba0b2d61f27688925/Castle%20in%20the%20Clouds%205010669b9241443d9a5f1695fc4832c0.md,"December 9, 2021",DM%20Notes%200b845a55cc65468484c57d60db568b2e/Session%20Notes%202021-12-09%20ebfbf939a9114fc49d6238297ca30ca6.md
Concealed Docking,Adventures%2073db78ef941a4ddba0b2d61f27688925/Hunting%20Lodge%20203acabaa9b3487d98d3a7f50cbc7759.md,"November 11, 2021",DM%20Notes%200b845a55cc65468484c57d60db568b2e/Session%20Notes%202021-11-11%20d7536b875c8e4db1b304b795807baf58.md
Be Our Guest,Adventures%2073db78ef941a4ddba0b2d61f27688925/Hunting%20Lodge%20203acabaa9b3487d98d3a7f50cbc7759.md,"November 4, 2021",DM%20Notes%200b845a55cc65468484c57d60db568b2e/Session%20Notes%202021-11-04%2034ae8ecab83149d79e6032f29e3de6ea.md
Play Dead,Adventures%2073db78ef941a4ddba0b2d61f27688925/Hunting%20Lodge%20203acabaa9b3487d98d3a7f50cbc7759.md,"October 21, 2021",DM%20Notes%200b845a55cc65468484c57d60db568b2e/Session%20Notes%202021-10-21%2093ab0b4b9274497ab2f70542b3c11346.md
Is This The Fuck Zone?,Adventures%2073db78ef941a4ddba0b2d61f27688925/Castle%20Naerytar%20718654edd3594fd48225c6c5be0521ed.md,"October 14, 2021",DM%20Notes%200b845a55cc65468484c57d60db568b2e/Session%20Notes%202021-10-14%2082342dac512e4d0b848480b5750b46fd.md
Is That My Jimmies Rustling?,Adventures%2073db78ef941a4ddba0b2d61f27688925/Castle%20Naerytar%20718654edd3594fd48225c6c5be0521ed.md,"October 7, 2021",DM%20Notes%200b845a55cc65468484c57d60db568b2e/Session%20Notes%202021-10-07%20f3ddf7968434495a99fe6e61c30d8c69.md
You Only Live Twice,Adventures%2073db78ef941a4ddba0b2d61f27688925/Castle%20Naerytar%20718654edd3594fd48225c6c5be0521ed.md,"October 1, 2021",DM%20Notes%200b845a55cc65468484c57d60db568b2e/Session%20Notes%202021-09-30%20b4ff06eb3a8a470898e38eb8b7b540ac.md
Tasty Legs,Adventures%2073db78ef941a4ddba0b2d61f27688925/Castle%20Naerytar%20718654edd3594fd48225c6c5be0521ed.md,"September 23, 2021",DM%20Notes%200b845a55cc65468484c57d60db568b2e/Session%20Notes%202021-09-23%209af80f3b5c6f42a1a624366da2ce5af3.md
Where Is Your God Now?,Adventures%2073db78ef941a4ddba0b2d61f27688925/Castle%20Naerytar%20718654edd3594fd48225c6c5be0521ed.md,"September 9, 2021",DM%20Notes%200b845a55cc65468484c57d60db568b2e/Session%20Notes%202021-09-09%2057f8151f882440408c3f158bfb4ce894.md
The Butcher of Castle Naerytar,Adventures%2073db78ef941a4ddba0b2d61f27688925/Castle%20Naerytar%20718654edd3594fd48225c6c5be0521ed.md,"September 2, 2021",DM%20Notes%200b845a55cc65468484c57d60db568b2e/Session%20Notes%202021-09-02%20b4a302dfd8ee4459b6fce48b1422a635.md
Discreet Opals,Adventures%2073db78ef941a4ddba0b2d61f27688925/Castle%20Naerytar%20718654edd3594fd48225c6c5be0521ed.md,"August 26, 2021",DM%20Notes%200b845a55cc65468484c57d60db568b2e/Session%20Notes%202021-08-18%20e54fecf960b64c25ae116c737b19ad0d.md
Opening New Doors,Adventures%2073db78ef941a4ddba0b2d61f27688925/Castle%20Naerytar%20718654edd3594fd48225c6c5be0521ed.md,"August 8, 2021",DM%20Notes%200b845a55cc65468484c57d60db568b2e/Session%20Notes%202021-08-08%203d95803948304beeb62db98d9d5b32ad.md
Boxmaker's Union,Adventures%2073db78ef941a4ddba0b2d61f27688925/Castle%20Naerytar%20718654edd3594fd48225c6c5be0521ed.md,"August 4, 2021",DM%20Notes%200b845a55cc65468484c57d60db568b2e/Session%20Notes%202021-08-04%2002b7a52c72eb4abfa4e064efce2305a1.md
Hey Ladies!,Adventures%2073db78ef941a4ddba0b2d61f27688925/Castle%20Naerytar%20718654edd3594fd48225c6c5be0521ed.md,"August 1, 2021",DM%20Notes%200b845a55cc65468484c57d60db568b2e/Session%20Notes%202021-08-01%20fb0057fcabae4dbca48f11219024c392.md
Natural Male Enhancement,Adventures%2073db78ef941a4ddba0b2d61f27688925/Castle%20Naerytar%20718654edd3594fd48225c6c5be0521ed.md,"July 25, 2021",DM%20Notes%200b845a55cc65468484c57d60db568b2e/Session%20Notes%202021-07-25%2083f188b2945245418dfeb066b08d9af4.md
Toilet Tower,Adventures%2073db78ef941a4ddba0b2d61f27688925/Castle%20Naerytar%20718654edd3594fd48225c6c5be0521ed.md,"July 18, 2021",DM%20Notes%200b845a55cc65468484c57d60db568b2e/Session%20Notes%202021-07-18%200be2020292b2410fb0ebbe0c4e64c8f8.md
This Shit Just Got Real,Adventures%2073db78ef941a4ddba0b2d61f27688925/Castle%20Naerytar%20718654edd3594fd48225c6c5be0521ed.md,"July 14, 2021",DM%20Notes%200b845a55cc65468484c57d60db568b2e/Session%20Notes%202021-07-14%209611ad50edbf4edab050b5be3d1c9850.md
The Chalkboard Technique,Adventures%2073db78ef941a4ddba0b2d61f27688925/Castle%20Naerytar%20718654edd3594fd48225c6c5be0521ed.md,"July 7, 2021",DM%20Notes%200b845a55cc65468484c57d60db568b2e/Session%20Notes%202021-07-07%2002ed32dca4ae432d8c8fca54113436a3.md
Behind Enemy Lines,Adventures%2073db78ef941a4ddba0b2d61f27688925/Castle%20Naerytar%20718654edd3594fd48225c6c5be0521ed.md,"July 4, 2021",DM%20Notes%200b845a55cc65468484c57d60db568b2e/Session%20Notes%202021-07-04%20eda1ceb2e67d4cdeb558c25d1aa9fa04.md
A Rebellion is Born,Adventures%2073db78ef941a4ddba0b2d61f27688925/Castle%20Naerytar%20718654edd3594fd48225c6c5be0521ed.md,"June 27, 2021",DM%20Notes%200b845a55cc65468484c57d60db568b2e/Session%20Notes%202021-06-27%2059c6a0b49d834a62adaf5f0f6060f881.md
Down the Hatch,Adventures%2073db78ef941a4ddba0b2d61f27688925/Construction%20Ahead%20c3a30d93bb6f41ae8a43bb9d9b15a882.md,"June 23, 2021",DM%20Notes%200b845a55cc65468484c57d60db568b2e/Session%20Notes%202021-06-23%208085f6f8f97242e89018c56df98444d7.md
Can't See Me Own Boobs,Adventures%2073db78ef941a4ddba0b2d61f27688925/Construction%20Ahead%20c3a30d93bb6f41ae8a43bb9d9b15a882.md,"June 18, 2021",DM%20Notes%200b845a55cc65468484c57d60db568b2e/Session%20Notes%202021-06-18%20440d31b7100d469eb2ac0acc3ce2e1cb.md
Giuseppe the Spy,Adventures%2073db78ef941a4ddba0b2d61f27688925/Construction%20Ahead%20c3a30d93bb6f41ae8a43bb9d9b15a882.md,"June 16, 2021",DM%20Notes%200b845a55cc65468484c57d60db568b2e/Session%20Notes%202021-06-16%20db6af8912b3740dd8103a2dd18fab940.md
Grudge Match,Adventures%2073db78ef941a4ddba0b2d61f27688925/Construction%20Ahead%20c3a30d93bb6f41ae8a43bb9d9b15a882.md,"June 9, 2021",DM%20Notes%200b845a55cc65468484c57d60db568b2e/Session%20Notes%202021-06-09%20d3b80a0c837a45a08b54cabb876017db.md
Bear Shits in Woods,Adventures%2073db78ef941a4ddba0b2d61f27688925/Construction%20Ahead%20c3a30d93bb6f41ae8a43bb9d9b15a882.md,"June 2, 2021",DM%20Notes%200b845a55cc65468484c57d60db568b2e/Session%20Notes%202021-06-02%20f1eea5ccbdd14257a25c2cef37d774cf.md
Murder Most Foul,Adventures%2073db78ef941a4ddba0b2d61f27688925/Construction%20Ahead%20c3a30d93bb6f41ae8a43bb9d9b15a882.md,"May 30, 2021",DM%20Notes%200b845a55cc65468484c57d60db568b2e/Session%20Notes%202021-05-30%2019b087306918423f9dcd12b7649f7ab1.md
My Wife Left Me,Adventures%2073db78ef941a4ddba0b2d61f27688925/Construction%20Ahead%20c3a30d93bb6f41ae8a43bb9d9b15a882.md,"May 26, 2021",DM%20Notes%200b845a55cc65468484c57d60db568b2e/Session%20Notes%202021-05-26%20ebb6cd69c7ef4114a865579b3c0ab7a6.md
Industrial Espionage,Adventures%2073db78ef941a4ddba0b2d61f27688925/Construction%20Ahead%20c3a30d93bb6f41ae8a43bb9d9b15a882.md,"May 16, 2021",DM%20Notes%200b845a55cc65468484c57d60db568b2e/Session%20Notes%202021-05-16%201ab226b1674447829349f3146ee03194.md
The Mail Mage,Adventures%2073db78ef941a4ddba0b2d61f27688925/Construction%20Ahead%20c3a30d93bb6f41ae8a43bb9d9b15a882.md,"May 12, 2021",DM%20Notes%200b845a55cc65468484c57d60db568b2e/Session%20Notes%202021-05-12%20fe4ea144e76e4e57838005401fce70a1.md
Turn Your Head and Cough,Adventures%2073db78ef941a4ddba0b2d61f27688925/Construction%20Ahead%20c3a30d93bb6f41ae8a43bb9d9b15a882.md,"May 5, 2021",DM%20Notes%200b845a55cc65468484c57d60db568b2e/Session%20Notes%202021-05-05%208dd5ac4912ee43d597815ca5ca466325.md
The Joy of Exploration and Discovery,Adventures%2073db78ef941a4ddba0b2d61f27688925/Construction%20Ahead%20c3a30d93bb6f41ae8a43bb9d9b15a882.md,"May 2, 2021",DM%20Notes%200b845a55cc65468484c57d60db568b2e/Session%20Notes%202021-05-02%2094724a2bd2934758bc2a99ff2789ce1a.md
200 for the Kid,Adventures%2073db78ef941a4ddba0b2d61f27688925/Construction%20Ahead%20c3a30d93bb6f41ae8a43bb9d9b15a882.md,"April 28, 2021",DM%20Notes%200b845a55cc65468484c57d60db568b2e/Session%20Notes%202021-04-28%20cf0b4d4118e64f049fdd76df8bd6dc8a.md
Winter on the Moonsea,,"April 25, 2021",DM%20Notes%200b845a55cc65468484c57d60db568b2e/Session%20Notes%202021-04-25%2044efd5be0b644902b1697d5b5c322068.md
End of the Line,Adventures%2073db78ef941a4ddba0b2d61f27688925/Tyranny%20in%20Phlan%20799ef62fb89346c0beba3ec41c9d46dc.md,"March 28, 2021",DM%20Notes%200b845a55cc65468484c57d60db568b2e/Session%20Notes%202021-03-28%20eb1cfd0928884d1da9b206493128124e.md
Prince of Egypt Type Shit,Adventures%2073db78ef941a4ddba0b2d61f27688925/Tyranny%20in%20Phlan%20799ef62fb89346c0beba3ec41c9d46dc.md,"March 24, 2021",DM%20Notes%200b845a55cc65468484c57d60db568b2e/Session%20Notes%202021-03-24%204f1b26edb382422cb354f828f1561a2e.md
Sky Prince,Adventures%2073db78ef941a4ddba0b2d61f27688925/Tyranny%20in%20Phlan%20799ef62fb89346c0beba3ec41c9d46dc.md,"March 21, 2021",DM%20Notes%200b845a55cc65468484c57d60db568b2e/Session%20Notes%202021-03-21%20343f554e0ba34b2487c5bbe289f824e8.md
Can I Get That To Go?,Adventures%2073db78ef941a4ddba0b2d61f27688925/Tyranny%20in%20Phlan%20799ef62fb89346c0beba3ec41c9d46dc.md,"March 17, 2021",DM%20Notes%200b845a55cc65468484c57d60db568b2e/Session%20Notes%202021-03-17%20d7e6f97ce36f45e492055683acceed37.md
Your Dad Met a Grave Fate,Adventures%2073db78ef941a4ddba0b2d61f27688925/Tyranny%20in%20Phlan%20799ef62fb89346c0beba3ec41c9d46dc.md,"March 14, 2021",DM%20Notes%200b845a55cc65468484c57d60db568b2e/Session%20Notes%202021-03-14%200951096da86e46b483879f0ffeb2d4fb.md
Chamber Pots and Smoke Spots,Adventures%2073db78ef941a4ddba0b2d61f27688925/Tyranny%20in%20Phlan%20799ef62fb89346c0beba3ec41c9d46dc.md,"March 7, 2021",DM%20Notes%200b845a55cc65468484c57d60db568b2e/Session%20Notes%202021-03-07%203cbcaacc77d3477da3c60ea8c20ac045.md
First Day of School,Adventures%2073db78ef941a4ddba0b2d61f27688925/Tyranny%20in%20Phlan%20799ef62fb89346c0beba3ec41c9d46dc.md,"March 3, 2021",DM%20Notes%200b845a55cc65468484c57d60db568b2e/Session%20Notes%202021-03-03%20e80f050f19a649bc90987aa30329ed61.md
Pool's Closed,Adventures%2073db78ef941a4ddba0b2d61f27688925/Tyranny%20in%20Phlan%20799ef62fb89346c0beba3ec41c9d46dc.md,"February 28, 2021",DM%20Notes%200b845a55cc65468484c57d60db568b2e/Session%20Notes%202021-02-28%208ca0ee4ac9d24f9483e568446de7518b.md
Work-Life Balance,Adventures%2073db78ef941a4ddba0b2d61f27688925/Tyranny%20in%20Phlan%20799ef62fb89346c0beba3ec41c9d46dc.md,"February 24, 2021",DM%20Notes%200b845a55cc65468484c57d60db568b2e/Session%20Notes%202021-02-24%20b5cc333bbae0476fb9ba003d75ac94c0.md
"""Coming"" of Age",Adventures%2073db78ef941a4ddba0b2d61f27688925/Tyranny%20in%20Phlan%20799ef62fb89346c0beba3ec41c9d46dc.md,"February 21, 2021",DM%20Notes%200b845a55cc65468484c57d60db568b2e/Session%20Notes%202021-02-21%203a7bdb85f1894d4ea8e0d30439258b62.md
A Man on the Inside,Adventures%2073db78ef941a4ddba0b2d61f27688925/Tyranny%20in%20Phlan%20799ef62fb89346c0beba3ec41c9d46dc.md,"February 17, 2021",DM%20Notes%200b845a55cc65468484c57d60db568b2e/Session%20Notes%202021-02-17%20c953ebecb7834354b48921d710302935.md
"Oh, They DEFINITELY Adventured",Adventures%2073db78ef941a4ddba0b2d61f27688925/Corruption%20in%20Kryptgarden%20d2fa7b25b68f4f7d87bd122f98d8ba32.md,"February 14, 2021",DM%20Notes%200b845a55cc65468484c57d60db568b2e/Session%20Notes%202021-02-14%20d667153b7514400a8f004bb7798c0968.md
Homefront,Adventures%2073db78ef941a4ddba0b2d61f27688925/Corruption%20in%20Kryptgarden%20d2fa7b25b68f4f7d87bd122f98d8ba32.md,"February 10, 2021",DM%20Notes%200b845a55cc65468484c57d60db568b2e/Session%20Notes%202021-02-09%202e81483ee6084227888a33fd33d19fe1.md
What's Up With That Catapult?,Adventures%2073db78ef941a4ddba0b2d61f27688925/Corruption%20in%20Kryptgarden%20d2fa7b25b68f4f7d87bd122f98d8ba32.md,"February 7, 2021",DM%20Notes%200b845a55cc65468484c57d60db568b2e/Session%20Notes%202021-02-07%20093ea01d3d7844b6869bca5e832c81fe.md
Deal's Off,Adventures%2073db78ef941a4ddba0b2d61f27688925/Corruption%20in%20Kryptgarden%20d2fa7b25b68f4f7d87bd122f98d8ba32.md,"February 3, 2021",DM%20Notes%200b845a55cc65468484c57d60db568b2e/Session%20Notes%202021-02-03%20f9ef6a73fbba4460a915ca7c5ca1a400.md
Hagar Bites the Dust,Adventures%2073db78ef941a4ddba0b2d61f27688925/Corruption%20in%20Kryptgarden%20d2fa7b25b68f4f7d87bd122f98d8ba32.md,"January 31, 2021",DM%20Notes%200b845a55cc65468484c57d60db568b2e/Session%20Notes%202021-01-27%2050ac7c28031347caa7a429e779c44bdd.md
Witchthorn's Oath,Adventures%2073db78ef941a4ddba0b2d61f27688925/Corruption%20in%20Kryptgarden%20d2fa7b25b68f4f7d87bd122f98d8ba32.md,"January 24, 2021",DM%20Notes%200b845a55cc65468484c57d60db568b2e/Session%20Notes%202021-01-24%20239a06c8566947019d3b842db31e5e71.md
War Room,Adventures%2073db78ef941a4ddba0b2d61f27688925/Corruption%20in%20Kryptgarden%20d2fa7b25b68f4f7d87bd122f98d8ba32.md,"January 20, 2021",DM%20Notes%200b845a55cc65468484c57d60db568b2e/Session%20Notes%202021-01-20%20abed11da157b47e28191e450d40adc8d.md
The Troll Hole,Adventures%2073db78ef941a4ddba0b2d61f27688925/Corruption%20in%20Kryptgarden%20d2fa7b25b68f4f7d87bd122f98d8ba32.md,"January 17, 2021",DM%20Notes%200b845a55cc65468484c57d60db568b2e/Session%20Notes%202021-01-17%20406d063ff1904df18eae27237634626b.md
Hot Children in the City,Adventures%2073db78ef941a4ddba0b2d61f27688925/Corruption%20in%20Kryptgarden%20d2fa7b25b68f4f7d87bd122f98d8ba32.md,"January 13, 2021",DM%20Notes%200b845a55cc65468484c57d60db568b2e/Session%20Notes%202021-01-13%200ed5e42693aa4399b8cb70d749a0a4bb.md
Roarke House,Adventures%2073db78ef941a4ddba0b2d61f27688925/Corruption%20in%20Kryptgarden%20d2fa7b25b68f4f7d87bd122f98d8ba32.md,"January 3, 2021",DM%20Notes%200b845a55cc65468484c57d60db568b2e/Session%20Notes%202021-01-03%20a289d08f279b446c8f56546b544db406.md
The New Scroll Thieves,,"December 30, 2020",DM%20Notes%200b845a55cc65468484c57d60db568b2e/Session%20Notes%202020-12-30%20cc11ad8782fc4f7c9c2fcc0831e15a9c.md
Bricks in the Wall,Adventures%2073db78ef941a4ddba0b2d61f27688925/The%20Traitor%20in%20Purple%20e7215de019fe4268b5faebb129434a60.md,"December 20, 2020",DM%20Notes%200b845a55cc65468484c57d60db568b2e/Session%20Notes%202020-12-20%20195798d080c344859533677696258ded.md
Cleaning the Kitchen,,"December 16, 2020",DM%20Notes%200b845a55cc65468484c57d60db568b2e/Session%20Notes%202020-12-16%204a926e7d0037489eaef2e885356fc5ee.md
Think of the Children,Adventures%2073db78ef941a4ddba0b2d61f27688925/The%20Traitor%20in%20Purple%20e7215de019fe4268b5faebb129434a60.md,"December 13, 2020",DM%20Notes%200b845a55cc65468484c57d60db568b2e/Session%20Notes%202020-12-13%202f1db419e88540fa976020d4109bbcea.md
A Man Named John Bootlick,,"December 9, 2020",DM%20Notes%200b845a55cc65468484c57d60db568b2e/Session%20Notes%202020-12-09%20dc7ac537bd4f43bd8c5c786bbad817f4.md
Payday,Adventures%2073db78ef941a4ddba0b2d61f27688925/Outlaws%20of%20the%20Iron%20Route%20f452cced74b2438c8229d4e907795115.md,"December 6, 2020",DM%20Notes%200b845a55cc65468484c57d60db568b2e/Session%20Notes%202020-12-06%200f0c2d24cd9f4fa4b54dbf91b34fb255.md
What Dreams May Come,Adventures%2073db78ef941a4ddba0b2d61f27688925/Outlaws%20of%20the%20Iron%20Route%20f452cced74b2438c8229d4e907795115.md,"December 2, 2020",DM%20Notes%200b845a55cc65468484c57d60db568b2e/Session%20Notes%202020-12-02%20fd0a1c4ca54e4a46ae3b9b0a323945cf.md
Lighting the Pyre,Adventures%2073db78ef941a4ddba0b2d61f27688925/Outlaws%20of%20the%20Iron%20Route%20f452cced74b2438c8229d4e907795115.md,"November 29, 2020",DM%20Notes%200b845a55cc65468484c57d60db568b2e/Session%20Notes%202020-11-29%207545046f9f02495dba9071a0684a3ef4.md
A Knight Lieutenant's Tale,Adventures%2073db78ef941a4ddba0b2d61f27688925/Outlaws%20of%20the%20Iron%20Route%20f452cced74b2438c8229d4e907795115.md,"November 25, 2020",DM%20Notes%200b845a55cc65468484c57d60db568b2e/Session%20Notes%202020-11-25%207399c129151f455a88587e2260b4d64c.md
Jeralla Betrayed,Adventures%2073db78ef941a4ddba0b2d61f27688925/Outlaws%20of%20the%20Iron%20Route%20f452cced74b2438c8229d4e907795115.md,"November 22, 2020",DM%20Notes%200b845a55cc65468484c57d60db568b2e/Session%20Notes%202020-11-22%20f42882636a0a4e02bb0e2b7528c0c594.md
The Gang Gets Stung,Adventures%2073db78ef941a4ddba0b2d61f27688925/Outlaws%20of%20the%20Iron%20Route%20f452cced74b2438c8229d4e907795115.md,"November 15, 2020",DM%20Notes%200b845a55cc65468484c57d60db568b2e/Session%20Notes%202020-11-15%205050ef3a1c1b4e119785f66e4dbcf2b1.md
Call Me the Prophecy,Adventures%2073db78ef941a4ddba0b2d61f27688925/Outlaws%20of%20the%20Iron%20Route%20f452cced74b2438c8229d4e907795115.md,"November 11, 2020",DM%20Notes%200b845a55cc65468484c57d60db568b2e/Session%20Notes%202020-11-11%20da3d4a812f8544398960fea7c3efda1f.md
The Screech of the Owl,Adventures%2073db78ef941a4ddba0b2d61f27688925/Outlaws%20of%20the%20Iron%20Route%20f452cced74b2438c8229d4e907795115.md,"October 28, 2020",DM%20Notes%200b845a55cc65468484c57d60db568b2e/Session%20Notes%202020-10-28%20e98b701597e941cc962d179d932ba5c9.md
S.E.A.L. Team 2.5,Adventures%2073db78ef941a4ddba0b2d61f27688925/Outlaws%20of%20the%20Iron%20Route%20f452cced74b2438c8229d4e907795115.md,"October 25, 2020",DM%20Notes%200b845a55cc65468484c57d60db568b2e/Session%20Notes%202020-10-25%206d7eb67f65b54e278eee285e364f12f0.md
Tight and Fit,Adventures%2073db78ef941a4ddba0b2d61f27688925/Outlaws%20of%20the%20Iron%20Route%20f452cced74b2438c8229d4e907795115.md,"October 18, 2020",DM%20Notes%200b845a55cc65468484c57d60db568b2e/Session%20Notes%202020-10-18%204948cce761c2476388479c3d01132a5e.md
You've Been Compromised,Adventures%2073db78ef941a4ddba0b2d61f27688925/Outlaws%20of%20the%20Iron%20Route%20f452cced74b2438c8229d4e907795115.md,"October 14, 2020",DM%20Notes%200b845a55cc65468484c57d60db568b2e/Session%20Notes%202020-10-14%202f8cce2ac81d472691d549bb67b98ca7.md
Walharrow's Wrath,Adventures%2073db78ef941a4ddba0b2d61f27688925/Outlaws%20of%20the%20Iron%20Route%20f452cced74b2438c8229d4e907795115.md,"October 11, 2020",
Quid Pro Quo,Adventures%2073db78ef941a4ddba0b2d61f27688925/Outlaws%20of%20the%20Iron%20Route%20f452cced74b2438c8229d4e907795115.md,"September 30, 2020",
Graveyard Smash,Adventures%2073db78ef941a4ddba0b2d61f27688925/The%20Dead%20at%20Highsun%20af9751abdcd34667a038af861ba93235.md,"September 27, 2020",DM%20Notes%200b845a55cc65468484c57d60db568b2e/Session%20Notes%202020-09-27%2095a43e42983f427db2119f1558ade765.md
The Cryptolab,Adventures%2073db78ef941a4ddba0b2d61f27688925/The%20Dead%20at%20Highsun%20af9751abdcd34667a038af861ba93235.md,"September 20, 2020",
Seeing Green,Adventures%2073db78ef941a4ddba0b2d61f27688925/Outlaws%20of%20the%20Iron%20Route%20f452cced74b2438c8229d4e907795115.md,"September 16, 2020",DM%20Notes%200b845a55cc65468484c57d60db568b2e/Session%20Notes%202020-09-16%20ab853c5e89094a10a806a49290571fbd.md
Prison Break,Adventures%2073db78ef941a4ddba0b2d61f27688925/The%20Danger%20at%20Dusk%20d8ef762b6b854052adb4d9fa27b447d7.md,"September 13, 2020",
Scary Larry,Adventures%2073db78ef941a4ddba0b2d61f27688925/The%20Danger%20at%20Dusk%20d8ef762b6b854052adb4d9fa27b447d7.md,"September 9, 2020",
They Ain't Healing,Adventures%2073db78ef941a4ddba0b2d61f27688925/The%20Danger%20at%20Dusk%20d8ef762b6b854052adb4d9fa27b447d7.md,"September 6, 2020",
Without a Paddle,Adventures%2073db78ef941a4ddba0b2d61f27688925/The%20Danger%20at%20Dusk%20d8ef762b6b854052adb4d9fa27b447d7.md,"September 2, 2020",
Heifer of a Situation,Adventures%2073db78ef941a4ddba0b2d61f27688925/Outlaws%20of%20the%20Iron%20Route%20f452cced74b2438c8229d4e907795115.md,"August 30, 2020",
Riot!,Adventures%2073db78ef941a4ddba0b2d61f27688925/Outlaws%20of%20the%20Iron%20Route%20f452cced74b2438c8229d4e907795115.md,"August 26, 2020",
Out of the Woods,Adventures%2073db78ef941a4ddba0b2d61f27688925/Outlaws%20of%20the%20Iron%20Route%20f452cced74b2438c8229d4e907795115.md,"August 23, 2020",
Prodigal Son,Adventures%2073db78ef941a4ddba0b2d61f27688925/Tales%20Trees%20Tell%20e0d71cd6e22b4d92a5219d0626ca8962.md,"August 21, 2020",
A Hag's Home,Adventures%2073db78ef941a4ddba0b2d61f27688925/Tales%20Trees%20Tell%20e0d71cd6e22b4d92a5219d0626ca8962.md,"August 16, 2020",
Greenhall,Adventures%2073db78ef941a4ddba0b2d61f27688925/Tales%20Trees%20Tell%20e0d71cd6e22b4d92a5219d0626ca8962.md,"August 12, 2020",
Apex Predators,Adventures%2073db78ef941a4ddba0b2d61f27688925/Tales%20Trees%20Tell%20e0d71cd6e22b4d92a5219d0626ca8962.md,"August 9, 2020",
Into the Woods,Adventures%2073db78ef941a4ddba0b2d61f27688925/Tales%20Trees%20Tell%20e0d71cd6e22b4d92a5219d0626ca8962.md,"August 5, 2020",
Forced Confession,Adventures%2073db78ef941a4ddba0b2d61f27688925/The%20Meeting%20at%20Deepnight%20147c73f675014b06b06b937462316d3c.md,"August 2, 2020",DM%20Notes%200b845a55cc65468484c57d60db568b2e/Session%20Notes%202020-08-02%2084487fb1b0b540dbbced03229d0c137c.md
Deals Within Deals,Adventures%2073db78ef941a4ddba0b2d61f27688925/The%20Meeting%20at%20Deepnight%20147c73f675014b06b06b937462316d3c.md,"July 22, 2020",DM%20Notes%200b845a55cc65468484c57d60db568b2e/Session%20Notes%202020-07-22%20106e899225bf4c6ead4584a18e6dedca.md
Last Rites,Adventures%2073db78ef941a4ddba0b2d61f27688925/Tales%20Trees%20Tell%20e0d71cd6e22b4d92a5219d0626ca8962.md,"July 19, 2020",DM%20Notes%200b845a55cc65468484c57d60db568b2e/Session%20Notes%202020-07-19%200ae024bb952a4dca9827f1b6973990c2.md
Highharvesttide,Adventures%2073db78ef941a4ddba0b2d61f27688925/Tales%20Trees%20Tell%20e0d71cd6e22b4d92a5219d0626ca8962.md,"July 15, 2020",DM%20Notes%200b845a55cc65468484c57d60db568b2e/Session%20Notes%202020-07-15%20b72bb8a889c64b208f66c34d0bdb9422.md
Helping the Harper,Adventures%2073db78ef941a4ddba0b2d61f27688925/The%20Meeting%20at%20Deepnight%20147c73f675014b06b06b937462316d3c.md,"July 8, 2020",DM%20Notes%200b845a55cc65468484c57d60db568b2e/Session%20Notes%202020-07-08%201393be068bea4f0d84c417df48ae6d23.md
Under Cover of Night,Adventures%2073db78ef941a4ddba0b2d61f27688925/The%20Scroll%20Thief%20b2fe42cbdec640f68e538991d2564dcb.md,"July 5, 2020",
The Teacher and the Student,Adventures%2073db78ef941a4ddba0b2d61f27688925/The%20Scroll%20Thief%20b2fe42cbdec640f68e538991d2564dcb.md,"July 1, 2020",
A Modest Hoard,Adventures%2073db78ef941a4ddba0b2d61f27688925/The%20Scroll%20Thief%20b2fe42cbdec640f68e538991d2564dcb.md,"June 24, 2020",
The Dragon's Swamp,Adventures%2073db78ef941a4ddba0b2d61f27688925/The%20Scroll%20Thief%20b2fe42cbdec640f68e538991d2564dcb.md,"June 21, 2020",
Hot on the Trail,Adventures%2073db78ef941a4ddba0b2d61f27688925/The%20Scroll%20Thief%20b2fe42cbdec640f68e538991d2564dcb.md,"June 14, 2020",
Bloody Nose,Adventures%2073db78ef941a4ddba0b2d61f27688925/The%20Scroll%20Thief%20b2fe42cbdec640f68e538991d2564dcb.md,"June 10, 2020",
Scrolls and Secrets,Adventures%2073db78ef941a4ddba0b2d61f27688925/The%20Scroll%20Thief%20b2fe42cbdec640f68e538991d2564dcb.md,"June 7, 2020",
Taking Custody,Adventures%2073db78ef941a4ddba0b2d61f27688925/The%20Courting%20of%20Fire%202d915ff85e054623969c354993a55d69.md,"May 30, 2020",
Unrepentant,Adventures%2073db78ef941a4ddba0b2d61f27688925/The%20Courting%20of%20Fire%202d915ff85e054623969c354993a55d69.md,"May 27, 2020",